subject,task,avr,top_two
1,1,1.66666666666667,0
1,1,4,0
1,1,2.66666666666667,1
1,1,1.66666666666667,0
1,1,1.66666666666667,1
1,1,2,0
1,4,1,0
1,4,2,0
1,4,2,1
1,4,1.66666666666667,0
1,4,1,0
1,4,2,0
1,4,1.66666666666667,0
1,4,1.33333333333333,0
1,4,1.66666666666667,0
1,4,2,1
2,1,1.33333333333333,0
2,1,1.33333333333333,0
2,1,1,0
2,1,2,0
2,1,1.66666666666667,0
2,1,2.33333333333333,1
2,1,2,1
2,1,2,0
2,1,3,0
2,4,3,1
2,4,2.33333333333333,0
2,4,1.66666666666667,0
2,4,2,1
3,1,3,1
3,1,2,0
3,1,1,0
3,1,1.66666666666667,0
3,1,1.66666666666667,1
3,1,2,0
3,4,2,0
3,4,2.66666666666667,1
3,4,2.33333333333333,0
3,4,2.33333333333333,1
3,4,1.66666666666667,0
4,1,1.66666666666667,1
4,1,1.66666666666667,0
4,1,1.33333333333333,0
4,1,1.66666666666667,0
4,1,1.33333333333333,1
4,4,2.33333333333333,1
4,4,2,0
4,4,1.33333333333333,0
4,4,2,1
5,1,1.66666666666667,0
5,1,2.33333333333333,1
5,1,2,1
5,1,2.33333333333333,0
5,1,2.66666666666667,0
5,4,2,0
5,4,1.66666666666667,1
5,4,2,0
5,4,3,1
5,4,1.33333333333333,0
6,1,2,1
6,1,1.66666666666667,0
6,1,1.33333333333333,0
6,1,1.33333333333333,0
6,1,3.66666666666667,1
6,4,1.66666666666667,0
6,4,2.33333333333333,1
6,4,1.66666666666667,0
6,4,2,0
6,4,1.33333333333333,1
6,4,1.66666666666667,0
7,1,1.66666666666667,0
7,1,1.33333333333333,0
7,1,1.66666666666667,0
7,1,1.66666666666667,0
7,1,1.66666666666667,0
7,1,2.66666666666667,1
7,1,2.66666666666667,1
7,1,2,0
7,4,1.66666666666667,1
7,4,1.33333333333333,0
7,4,1.33333333333333,0
7,4,2.33333333333333,1
8,1,1.66666666666667,1
8,1,1.33333333333333,0
8,1,1.33333333333333,0
8,1,1.33333333333333,1
8,1,1.66666666666667,0
8,4,1.66666666666667,0
8,4,1.66666666666667,0
8,4,1.33333333333333,0
8,4,1.33333333333333,0
8,4,1.33333333333333,0
8,4,1.66666666666667,1
8,4,1.33333333333333,1
9,1,2,0
9,1,2,0
9,1,1,0
9,1,1.66666666666667,1
9,1,2.66666666666667,0
9,1,1,0
9,1,2,0
9,1,1.66666666666667,1
9,4,2.33333333333333,0
9,4,2.33333333333333,1
9,4,2,0
9,4,2,1
10,1,1.33333333333333,1
10,1,2,0
10,1,2.33333333333333,1
10,1,2.33333333333333,0
10,4,1.33333333333333,0
10,4,2,0
10,4,2,1
10,4,2.33333333333333,1
11,1,1.33333333333333,1
11,1,2.33333333333333,1
11,4,1.66666666666667,1
11,4,1.33333333333333,1
12,1,2.66666666666667,1
12,1,1.33333333333333,0
12,1,2,0
12,1,1.66666666666667,0
12,1,1,0
12,1,2,0
12,1,2.33333333333333,0
12,1,1.33333333333333,0
12,1,2,1
12,1,2,0
12,1,1.33333333333333,0
12,4,1.66666666666667,0
12,4,1,0
12,4,1.33333333333333,0
12,4,1.66666666666667,0
12,4,1.66666666666667,0
12,4,1.66666666666667,0
12,4,1,1
12,4,2,0
12,4,1,0
12,4,1.33333333333333,1
12,4,2,0
12,4,2.33333333333333,0
12,4,1.33333333333333,0
12,4,1.33333333333333,0
12,4,1,0
12,4,1,0
12,4,1.66666666666667,0
12,4,2.33333333333333,0
13,1,2,1
13,1,1.66666666666667,1
13,1,1.66666666666667,0
13,1,1.66666666666667,0
13,1,1.33333333333333,0
13,1,1.33333333333333,0
13,1,2,0
13,1,1.66666666666667,0
13,4,1.66666666666667,0
13,4,2,0
13,4,1.66666666666667,1
13,4,1.66666666666667,0
13,4,2,1
14,1,1.33333333333333,1
14,1,1,0
14,1,1.33333333333333,0
14,1,1,1
14,4,1.66666666666667,1
14,4,1.33333333333333,0
14,4,1.66666666666667,0
14,4,1.33333333333333,1
14,4,1,0
14,4,1.66666666666667,0
14,4,1.33333333333333,0
15,1,1.33333333333333,0
15,1,2.33333333333333,1
15,1,1.66666666666667,1
15,1,2.66666666666667,0
15,4,1.66666666666667,1
15,4,2,0
15,4,1.66666666666667,1
16,1,1,0
16,1,1.33333333333333,0
16,1,1.33333333333333,0
16,1,1.66666666666667,0
16,1,1,1
16,1,1.66666666666667,1
16,1,1,0
16,1,1.66666666666667,0
16,4,1.33333333333333,0
16,4,2,1
16,4,1.33333333333333,0
16,4,2.33333333333333,1
17,1,1.66666666666667,0
17,1,1.66666666666667,0
17,1,1.66666666666667,0
17,1,2,1
17,1,1.33333333333333,0
17,1,2.66666666666667,1
17,4,2,0
17,4,2.66666666666667,1
17,4,2,1
17,4,2,0
18,1,1.33333333333333,0
18,1,1,0
18,1,1,0
18,1,1.33333333333333,0
18,1,1,0
18,1,1,0
18,1,1,0
18,1,1,0
18,1,1,0
18,1,1,0
18,1,1.66666666666667,0
18,1,1.66666666666667,1
18,1,2,1
18,4,1,0
18,4,1.66666666666667,1
18,4,2,0
18,4,1,0
18,4,1,0
18,4,1.33333333333333,1
18,4,1.33333333333333,0
18,4,1,0
19,1,2,0
19,1,2,0
19,1,2,1
19,1,1.66666666666667,1
19,1,1.66666666666667,0
19,4,1.66666666666667,0
19,4,2,0
19,4,2,0
19,4,2,0
19,4,1.33333333333333,0
19,4,2,0
19,4,2.33333333333333,1
19,4,1.33333333333333,0
19,4,1.66666666666667,0
19,4,1.66666666666667,0
19,4,2,0
19,4,2,1
20,1,1.66666666666667,1
20,1,1,0
20,1,1.33333333333333,0
20,1,2,0
20,1,2,0
20,1,1.66666666666667,0
20,1,2,1
20,1,2,0
20,1,1,0
20,4,2.33333333333333,0
20,4,2.33333333333333,1
20,4,1.66666666666667,0
20,4,1.66666666666667,0
20,4,2,1
20,4,1.66666666666667,0
21,1,3,1
21,1,2,0
21,1,1.66666666666667,0
21,1,2.33333333333333,1
21,1,2.33333333333333,0
21,4,1.66666666666667,0
21,4,1.66666666666667,1
21,4,2.66666666666667,0
21,4,2.33333333333333,1
22,1,1,0
22,1,1,0
22,1,1.33333333333333,1
22,1,1.66666666666667,0
22,1,2,0
22,1,2,0
22,1,1.66666666666667,1
22,1,1.66666666666667,0
22,1,1.33333333333333,0
22,1,1,0
22,4,2,0
22,4,1.66666666666667,0
22,4,2,1
22,4,1.66666666666667,0
22,4,2,0
22,4,1.66666666666667,0
22,4,2,1
23,1,1.66666666666667,0
23,1,1.66666666666667,1
23,1,1,0
23,1,1,0
23,1,1.66666666666667,1
23,1,1.33333333333333,0
23,4,1.33333333333333,0
23,4,2,1
23,4,1.66666666666667,0
23,4,1.66666666666667,0
23,4,1.33333333333333,0
23,4,2,1
24,1,1,0
24,1,1,0
24,1,1,0
24,1,1,0
24,1,1.66666666666667,0
24,1,1,0
24,1,1,1
24,1,1.33333333333333,0
24,1,1.33333333333333,1
24,4,1,0
24,4,1.33333333333333,0
24,4,1,0
24,4,1.33333333333333,0
24,4,1.66666666666667,0
24,4,1.66666666666667,1
24,4,2.33333333333333,1
24,4,1,0
24,4,1.66666666666667,0
25,1,1,1
25,1,1,0
25,1,1.66666666666667,0
25,1,2,1
25,4,1.66666666666667,1
25,4,1,0
25,4,1.33333333333333,0
25,4,1.33333333333333,0
25,4,2,1
25,4,2,0
25,4,1.33333333333333,0
25,4,1.66666666666667,0
26,1,1.33333333333333,0
26,1,1.66666666666667,1
26,1,2,1
26,4,2,1
26,4,4.66666666666667,0
26,4,1.66666666666667,1
27,1,1,0
27,1,2,1
27,1,1.66666666666667,1
27,4,2,0
27,4,2,1
27,4,1.66666666666667,0
27,4,1,0
27,4,2,1
27,4,2,0
27,4,1.66666666666667,0
27,4,1,0
27,4,2,0
28,1,2.66666666666667,0
28,1,1,0
28,1,1.66666666666667,0
28,1,1.66666666666667,0
28,1,1.66666666666667,0
28,1,1.66666666666667,1
28,1,1.66666666666667,0
28,1,1.66666666666667,0
28,1,2.66666666666667,1
28,1,2,0
28,1,2,0
28,1,1.66666666666667,0
28,4,2,0
28,4,1.66666666666667,0
28,4,2.33333333333333,0
28,4,1.66666666666667,0
28,4,2.66666666666667,0
28,4,2.66666666666667,0
28,4,2.66666666666667,1
28,4,3,0
28,4,2.66666666666667,0
28,4,3,1
28,4,1.66666666666667,0
28,4,1.66666666666667,0
29,1,1.66666666666667,0
29,1,1.33333333333333,0
29,1,1.66666666666667,0
29,1,1.66666666666667,0
29,1,2.66666666666667,1
29,1,2,1
29,1,1.66666666666667,0
29,4,1.66666666666667,0
29,4,1.33333333333333,0
29,4,1.33333333333333,0
29,4,3,1
29,4,2.33333333333333,0
29,4,1.33333333333333,0
29,4,2,0
29,4,2,0
29,4,2.33333333333333,1
30,1,1,0
30,1,1.33333333333333,0
30,1,1.33333333333333,1
30,1,1.33333333333333,0
30,1,1.66666666666667,1
30,1,1,0
30,1,2.33333333333333,0
30,4,1.33333333333333,0
30,4,2,1
30,4,1.33333333333333,0
30,4,1.66666666666667,0
30,4,1.33333333333333,0
30,4,1,0
30,4,1.66666666666667,1
31,1,1,0
31,1,1.33333333333333,0
31,1,1.33333333333333,1
31,1,1.66666666666667,1
31,1,2.66666666666667,0
31,1,1.66666666666667,0
31,4,1.33333333333333,1
31,4,1.66666666666667,0
31,4,3,0
31,4,1.66666666666667,0
31,4,2.33333333333333,1
32,1,1.33333333333333,1
32,1,1.66666666666667,0
32,1,1.33333333333333,0
32,1,1.66666666666667,0
32,1,2.33333333333333,1
32,1,2.33333333333333,0
32,1,2.33333333333333,0
32,1,2,0
32,1,2.33333333333333,0
32,4,1.33333333333333,0
32,4,1.66666666666667,1
32,4,1.66666666666667,0
32,4,2,0
32,4,2,0
32,4,3,0
32,4,2,0
32,4,1.33333333333333,0
32,4,2.33333333333333,0
32,4,2,1
33,1,3,0
33,1,2,0
33,1,1,0
33,1,1.33333333333333,0
33,1,1,1
33,1,2.33333333333333,0
33,1,1.33333333333333,0
33,1,2,1
33,1,1.66666666666667,0
33,1,1.66666666666667,0
33,4,1,0
33,4,1.66666666666667,0
33,4,2,1
33,4,1.33333333333333,0
33,4,2,0
33,4,2.33333333333333,0
33,4,1,1
33,4,2,0
35,1,1.66666666666667,0
35,1,1.33333333333333,1
35,1,1.66666666666667,0
35,1,1.66666666666667,1
35,1,2,0
35,4,2.33333333333333,0
35,4,3.33333333333333,1
35,4,3.33333333333333,1
36,1,2.66666666666667,0
36,1,1.66666666666667,0
36,1,2,1
36,1,2,0
36,1,1,0
36,1,2,0
36,1,2,1
36,1,1.33333333333333,0
36,1,3.33333333333333,0
36,4,1.66666666666667,0
36,4,2,1
36,4,2.66666666666667,1
36,4,2,0
36,4,3,0
36,4,2.33333333333333,0
36,4,2.33333333333333,0
37,1,1,0
37,1,2,1
37,1,2.33333333333333,1
37,1,2.33333333333333,0
37,1,2,0
37,1,2.33333333333333,0
37,1,2,0
37,4,1,0
37,4,1.33333333333333,0
37,4,1.66666666666667,0
37,4,1.66666666666667,1
37,4,3,0
37,4,1.66666666666667,1
38,1,2,0
38,1,2,1
38,1,1,0
38,1,1.66666666666667,0
38,1,3,0
38,1,1.66666666666667,0
38,1,1.66666666666667,1
38,1,2,0
38,1,1.66666666666667,0
38,1,1.66666666666667,0
38,4,2.33333333333333,1
38,4,1.66666666666667,0
38,4,2,0
38,4,1.33333333333333,0
38,4,2.66666666666667,0
38,4,1.33333333333333,0
38,4,2,0
38,4,1.66666666666667,1
40,1,1,0
40,1,1.66666666666667,0
40,1,2,0
40,1,1.66666666666667,1
40,1,1,0
40,1,3,1
40,1,1,0
40,4,1.66666666666667,0
40,4,2.33333333333333,1
40,4,1.66666666666667,0
40,4,2,1
41,1,1.66666666666667,1
41,1,1.66666666666667,1
41,1,1,0
41,4,2,0
41,4,2,1
41,4,1.66666666666667,0
41,4,2.66666666666667,0
41,4,1.66666666666667,0
41,4,2,1
41,4,2.33333333333333,0
42,1,1.33333333333333,0
42,1,2.33333333333333,1
42,1,1,0
42,1,2.66666666666667,1
42,1,1.66666666666667,0
42,4,2.66666666666667,0
42,4,1.66666666666667,1
42,4,1.33333333333333,0
42,4,2,0
42,4,2,1
42,4,2.66666666666667,0
43,1,3,0
43,1,1.33333333333333,1
43,1,1.33333333333333,1
43,1,1.66666666666667,0
43,4,1.66666666666667,1
43,4,1.66666666666667,0
43,4,1.33333333333333,0
43,4,1,0
43,4,1.66666666666667,0
43,4,1.66666666666667,0
43,4,2,0
43,4,1.66666666666667,0
43,4,2,1
45,1,1.66666666666667,0
45,1,1.66666666666667,1
45,1,1.33333333333333,1
45,4,2,0
45,4,2,1
45,4,1.33333333333333,1
45,4,1,0
46,1,1.33333333333333,1
46,1,1,0
46,1,2,0
46,1,1.66666666666667,1
46,1,1.66666666666667,0
46,4,1.33333333333333,1
46,4,1.66666666666667,0
46,4,1,0
46,4,2,0
46,4,1.66666666666667,1
47,1,1.33333333333333,1
47,1,1.66666666666667,0
47,1,3.33333333333333,1
47,1,3.66666666666667,0
47,1,2,0
47,1,2,0
47,1,1.66666666666667,0
47,4,1,1
47,4,1,0
47,4,1,0
47,4,1,0
47,4,1.33333333333333,0
47,4,1,0
47,4,2,0
47,4,1.33333333333333,0
47,4,1,0
47,4,1,0
47,4,1,0
47,4,1.66666666666667,1
48,1,2,0
48,1,1,0
48,1,1.33333333333333,0
48,1,1.66666666666667,0
48,1,1.33333333333333,1
48,1,2.66666666666667,1
48,4,2,0
48,4,1.66666666666667,1
48,4,1.33333333333333,0
48,4,2,1
48,4,2,0
48,4,2.33333333333333,0
49,1,1.33333333333333,0
49,1,1,0
49,1,2.33333333333333,1
49,1,2.66666666666667,0
49,1,2,1
49,1,1,0
49,1,2,0
49,1,2,0
49,1,2.66666666666667,0
49,4,1.66666666666667,0
49,4,1.66666666666667,1
49,4,1.66666666666667,0
49,4,1.66666666666667,0
49,4,1.66666666666667,0
49,4,1.33333333333333,0
49,4,2,0
49,4,2.66666666666667,1
49,4,1.66666666666667,0
51,1,2,1
51,1,1.33333333333333,0
51,1,2,0
51,1,2,0
51,1,1.66666666666667,1
51,1,1,0
51,4,1.66666666666667,0
51,4,1.66666666666667,0
51,4,2,0
51,4,2.33333333333333,1
51,4,1.66666666666667,0
51,4,2.33333333333333,0
51,4,1.66666666666667,1
52,1,1.33333333333333,0
52,1,1.66666666666667,1
52,1,1.33333333333333,0
52,1,1.66666666666667,0
52,1,1.33333333333333,0
52,1,1.66666666666667,1
52,1,1,0
52,4,1,0
52,4,1.33333333333333,0
52,4,1.66666666666667,0
52,4,1.33333333333333,0
52,4,2,1
52,4,2.33333333333333,1
53,1,1.33333333333333,0
53,1,1.33333333333333,0
53,1,1.66666666666667,0
53,1,3.33333333333333,1
53,1,1.33333333333333,0
53,1,1.66666666666667,1
53,1,1.33333333333333,0
53,1,2.33333333333333,0
53,4,1.66666666666667,0
53,4,1.66666666666667,1
53,4,2,0
53,4,1.66666666666667,0
53,4,2.33333333333333,1
53,4,2.66666666666667,0
54,1,1,0
54,1,1,0
54,1,1,0
54,1,1,0
54,1,1.66666666666667,1
54,1,1.33333333333333,1
54,1,1.33333333333333,0
54,4,1,0
54,4,1,1
54,4,1,0
54,4,1.66666666666667,0
54,4,1,0
54,4,1.66666666666667,1
54,4,1,0
55,1,2,1
55,1,1,0
55,1,1,0
55,1,1,0
55,1,2,1
55,4,1.33333333333333,0
55,4,2,0
55,4,1.33333333333333,1
55,4,1.33333333333333,0
55,4,1,1
55,4,1.66666666666667,0
56,1,1.66666666666667,0
56,1,2,0
56,1,2,0
56,1,1,0
56,1,2,0
56,1,1.66666666666667,0
56,1,1.33333333333333,0
56,1,2.66666666666667,0
56,1,2,0
56,1,2,0
56,1,2,0
56,1,3.66666666666667,0
56,1,2.66666666666667,0
56,1,1.66666666666667,1
56,1,2.33333333333333,1
56,4,1.66666666666667,1
56,4,1.33333333333333,0
56,4,2,0
56,4,2,1
57,1,2,0
57,1,1,0
57,1,1.66666666666667,0
57,1,1.66666666666667,1
57,1,2,1
57,4,1.33333333333333,0
57,4,3.66666666666667,1
57,4,2,0
57,4,3.33333333333333,1
58,1,1.33333333333333,0
58,1,2,1
58,1,2,0
58,1,1.66666666666667,0
58,1,1,0
58,1,1,0
58,1,1,0
58,1,2.33333333333333,0
58,1,2,1
58,4,1,0
58,4,2.33333333333333,1
58,4,2,1
58,4,1,0
58,4,1.66666666666667,0
58,4,1,0
59,1,1.66666666666667,0
59,1,1.33333333333333,0
59,1,1.66666666666667,0
59,1,1,0
59,1,1.66666666666667,1
59,1,1.66666666666667,0
59,1,1,0
59,1,1,0
59,1,2,1
59,4,1.33333333333333,0
59,4,1.66666666666667,1
59,4,1.66666666666667,0
59,4,1.66666666666667,1
59,4,1.66666666666667,0
60,1,1.66666666666667,1
60,1,2,0
60,1,2,1
60,4,1.66666666666667,1
60,4,2,1
62,1,1.33333333333333,0
62,1,1,0
62,1,1.33333333333333,0
62,1,1,0
62,1,1.66666666666667,0
62,1,1.66666666666667,0
62,1,1.66666666666667,1
62,1,2,1
62,4,2,0
62,4,1.33333333333333,1
62,4,1.33333333333333,1
62,4,2,0
62,4,1.66666666666667,0
63,1,2,0
63,1,2,0
63,1,2,0
63,1,2,1
63,1,2,0
63,1,1.66666666666667,0
63,1,2.66666666666667,0
63,1,2,0
63,1,1.66666666666667,0
63,1,2.33333333333333,0
63,1,1.66666666666667,1
63,4,1.66666666666667,0
63,4,1.66666666666667,0
63,4,1.66666666666667,0
63,4,1.33333333333333,0
63,4,2,1
63,4,1.66666666666667,0
63,4,1.66666666666667,0
63,4,1.33333333333333,0
63,4,1.66666666666667,0
63,4,1.33333333333333,1
63,4,1.66666666666667,0
63,4,1,0
64,1,1,0
64,1,1.66666666666667,0
64,1,1.66666666666667,0
64,1,2.33333333333333,0
64,1,2,0
64,1,1.66666666666667,0
64,1,2.66666666666667,1
64,1,1.66666666666667,0
64,1,2.33333333333333,1
64,1,3.33333333333333,0
64,1,1.66666666666667,0
64,4,1,0
64,4,1,0
64,4,2,0
64,4,1.33333333333333,0
64,4,4.66666666666667,1
64,4,2,0
64,4,1.66666666666667,0
64,4,2.66666666666667,1
64,4,2,0
64,4,1.66666666666667,0
65,1,2,0
65,1,2,0
65,1,2,1
65,1,2.33333333333333,1
65,1,2,0
65,4,1.66666666666667,0
65,4,1.33333333333333,0
65,4,2,1
65,4,3.33333333333333,1
66,1,2,0
66,1,1.66666666666667,1
66,1,1.66666666666667,0
66,1,2,1
66,1,1.33333333333333,0
66,1,1.66666666666667,0
66,4,1.66666666666667,0
66,4,1.66666666666667,0
66,4,1.33333333333333,0
66,4,2.33333333333333,1
66,4,1,1
66,4,2,0
67,1,1.66666666666667,0
67,1,1.66666666666667,0
67,1,1.66666666666667,0
67,1,1.66666666666667,0
67,1,2.66666666666667,1
67,1,2,0
67,1,1.66666666666667,0
67,1,1.66666666666667,0
67,1,2,0
67,1,2.33333333333333,1
67,4,1.33333333333333,1
67,4,1.33333333333333,0
67,4,2,0
67,4,1.66666666666667,0
67,4,1.66666666666667,0
67,4,2,0
67,4,1.66666666666667,1
67,4,5,0
68,1,1,0
68,1,2,0
68,1,1.33333333333333,0
68,1,1.66666666666667,0
68,1,2,0
68,1,1.33333333333333,0
68,1,2,0
68,1,2,0
68,1,2,1
68,1,2,0
68,1,1.66666666666667,0
68,1,2,0
68,1,1.66666666666667,1
68,4,2,0
68,4,2.33333333333333,1
68,4,2,0
68,4,1.66666666666667,0
68,4,1.66666666666667,0
68,4,1.33333333333333,0
68,4,2.66666666666667,1
68,4,2,0
68,4,1.66666666666667,0
68,4,1.66666666666667,0
68,4,2.33333333333333,0
68,4,1.66666666666667,0
69,1,1,1
69,1,2.33333333333333,1
69,1,1.33333333333333,0
69,1,1,0
69,1,1.66666666666667,0
69,1,2.33333333333333,0
69,4,1.33333333333333,0
69,4,2.33333333333333,0
69,4,2.33333333333333,1
69,4,1.33333333333333,1
70,1,1.33333333333333,0
70,1,1.66666666666667,0
70,1,1,0
70,1,1,0
70,1,1.66666666666667,1
70,1,1.66666666666667,1
70,4,2.33333333333333,1
70,4,1.33333333333333,1
70,4,2.33333333333333,0
70,4,2,0
71,1,1.33333333333333,1
71,1,2.33333333333333,0
71,1,1.66666666666667,0
71,1,1.66666666666667,1
71,4,1.66666666666667,0
71,4,1.66666666666667,0
71,4,1.66666666666667,0
71,4,1.33333333333333,0
71,4,1.66666666666667,1
71,4,2.33333333333333,1
72,1,1,0
72,1,1.33333333333333,1
72,1,1.66666666666667,0
72,1,1.66666666666667,0
72,1,1.66666666666667,0
72,1,1.33333333333333,1
72,4,2,1
72,4,1.33333333333333,0
72,4,2,1
72,4,1.66666666666667,0
73,1,1,1
73,1,1.66666666666667,0
73,1,2,0
73,1,1.66666666666667,0
73,1,2.33333333333333,0
73,1,1.66666666666667,0
73,1,1.66666666666667,1
73,4,1.66666666666667,1
73,4,1.33333333333333,1
73,4,1,0
74,1,1.33333333333333,0
74,1,1.66666666666667,0
74,1,1,0
74,1,1,0
74,1,2.33333333333333,0
74,1,1,1
74,1,1.33333333333333,0
74,1,1,1
74,1,1,0
74,4,1,0
74,4,1.33333333333333,0
74,4,1.33333333333333,0
74,4,1.66666666666667,1
74,4,1,0
74,4,1.66666666666667,0
74,4,1,0
74,4,1.33333333333333,0
74,4,2,1
74,4,1,0
74,4,2,0
74,4,2,0
75,1,1,0
75,1,1.66666666666667,1
75,1,2,0
75,1,1.66666666666667,1
75,1,2,0
75,4,2,1
75,4,2,1
75,4,1,0
75,4,2,0
76,1,1,0
76,1,1.33333333333333,0
76,1,1.66666666666667,1
76,1,3,1
76,1,1.66666666666667,0
76,1,1.33333333333333,0
76,4,1,1
76,4,1,0
76,4,1.66666666666667,1
77,1,2,0
77,1,1.66666666666667,0
77,1,2,0
77,1,1,1
77,1,1,0
77,1,2,0
77,1,1.66666666666667,1
77,1,1.33333333333333,0
77,1,1.33333333333333,0
77,4,1.33333333333333,0
77,4,1.66666666666667,0
77,4,2.33333333333333,1
77,4,2.33333333333333,1
77,4,1.33333333333333,0
77,4,1.66666666666667,0
79,1,1,1
79,1,2,0
79,1,1.66666666666667,0
79,1,1.66666666666667,0
79,1,1.33333333333333,0
79,1,1.33333333333333,1
79,4,1,1
79,4,1.66666666666667,1
79,4,1.66666666666667,0
79,4,1,0
79,4,1,0
79,4,1.66666666666667,0
79,4,1,0
79,4,1.66666666666667,0
79,4,1,0
79,4,1.66666666666667,0
79,4,1.66666666666667,0
81,1,1,0
81,1,1.33333333333333,0
81,1,1.33333333333333,0
81,1,1,0
81,1,2.33333333333333,1
81,1,1.66666666666667,0
81,1,1.66666666666667,1
81,4,2,0
81,4,1.66666666666667,0
81,4,1.66666666666667,0
81,4,1.66666666666667,0
81,4,1.66666666666667,0
81,4,1,0
81,4,2.33333333333333,0
81,4,2.33333333333333,1
81,4,1.66666666666667,0
81,4,1.66666666666667,0
81,4,2,1
82,1,1,0
82,1,1,1
82,1,1,0
82,1,1,0
82,1,1,0
82,1,1,0
82,1,1.66666666666667,1
82,1,1,0
82,4,1,0
82,4,1.33333333333333,0
82,4,1,0
82,4,2,1
82,4,1,0
82,4,1.33333333333333,1
83,1,3.66666666666667,1
83,1,1.66666666666667,1
83,1,1.66666666666667,0
83,4,3,0
83,4,2.33333333333333,0
83,4,3,1
83,4,2,1
84,1,2.33333333333333,1
84,1,1.66666666666667,0
84,1,1.66666666666667,0
84,1,1.33333333333333,0
84,1,2,1
84,4,1.33333333333333,0
84,4,1,0
84,4,1.66666666666667,0
84,4,1,0
84,4,1,0
84,4,1.33333333333333,0
84,4,1.66666666666667,0
84,4,1.66666666666667,0
84,4,1,0
84,4,2,1
84,4,1.33333333333333,1
85,1,1,0
85,1,1,0
85,1,1.33333333333333,0
85,1,1.66666666666667,0
85,1,1.66666666666667,0
85,1,1.66666666666667,0
85,1,1.66666666666667,0
85,1,1,0
85,1,1.66666666666667,0
85,1,1.66666666666667,0
85,1,2,0
85,1,1,0
85,1,1,0
85,1,1,0
85,1,1,1
85,1,1.33333333333333,0
85,1,1,0
85,1,1,0
85,1,1.33333333333333,0
85,1,1,1
85,1,1.33333333333333,0
85,1,2,0
85,1,1.66666666666667,0
85,4,1,0
85,4,2,0
85,4,1.66666666666667,1
85,4,2,1
85,4,1.33333333333333,0
85,4,1.33333333333333,0
85,4,2,0
85,4,1,0
85,4,3,0
85,4,1.66666666666667,0
85,4,2,0
85,4,1.66666666666667,0
85,4,1.33333333333333,0
85,4,1.33333333333333,0
85,4,1,0
85,4,1.33333333333333,0
86,1,1,0
86,1,2,1
86,1,1.66666666666667,0
86,1,1,1
86,4,1.66666666666667,1
86,4,3,1
86,4,1.66666666666667,0
87,1,1,0
87,1,1.66666666666667,0
87,1,1.66666666666667,0
87,1,1,0
87,1,2.33333333333333,0
87,1,2,1
87,1,1.33333333333333,0
87,1,1.66666666666667,1
87,4,1,0
87,4,1,0
87,4,1.66666666666667,1
87,4,1.66666666666667,0
87,4,1.33333333333333,1
87,4,1.66666666666667,0
87,4,1.33333333333333,0
87,4,1.33333333333333,0
87,4,1,0
87,4,1,0
87,4,2,0
87,4,1.66666666666667,0
87,4,2,0
87,4,1.33333333333333,0
88,1,1,0
88,1,2.33333333333333,1
88,1,1,0
88,1,1.33333333333333,1
88,1,2,0
88,4,2.33333333333333,0
88,4,2,0
88,4,1.66666666666667,1
88,4,1.66666666666667,0
88,4,1.33333333333333,1
88,4,1.66666666666667,0
88,4,2,0
89,1,2.33333333333333,0
89,1,2.33333333333333,0
89,1,3,1
89,1,2,0
89,1,1.66666666666667,0
89,1,2.33333333333333,0
89,1,3.33333333333333,0
89,1,2,0
89,1,4,1
89,4,2.66666666666667,1
89,4,2,1
89,4,2,0
89,4,3.33333333333333,0
89,4,2.66666666666667,0
89,4,2,0
89,4,2,0
89,4,3.33333333333333,0
89,4,3,0
90,1,1.66666666666667,0
90,1,1.33333333333333,0
90,1,1.66666666666667,0
90,1,1.66666666666667,1
90,1,3,1
90,4,1.66666666666667,0
90,4,2,1
90,4,2.33333333333333,0
90,4,2,0
90,4,2,1
90,4,1.66666666666667,0
91,1,1.33333333333333,1
91,1,1.66666666666667,0
91,1,1.66666666666667,0
91,1,1,0
91,1,1.66666666666667,0
91,1,2.33333333333333,0
91,1,1.66666666666667,0
91,1,2.66666666666667,1
91,4,1.33333333333333,0
91,4,2.33333333333333,0
91,4,1.66666666666667,1
91,4,2,1
93,1,1.66666666666667,0
93,1,1.66666666666667,1
93,1,1,0
93,1,1.66666666666667,1
93,1,1.66666666666667,0
93,4,1,0
93,4,1.66666666666667,0
93,4,3,1
93,4,2,0
93,4,1.66666666666667,1
94,1,3.33333333333333,1
94,1,2.33333333333333,0
94,1,1.33333333333333,1
94,1,1.66666666666667,0
94,4,2,1
94,4,1.66666666666667,0
94,4,1.33333333333333,0
94,4,1.33333333333333,0
94,4,1.33333333333333,0
94,4,1,1
95,1,1.33333333333333,0
95,1,1.66666666666667,1
95,1,1,0
95,1,1.66666666666667,0
95,1,2,0
95,1,1.66666666666667,1
95,1,2,0
95,1,1.66666666666667,0
95,1,3,0
95,1,1,0
95,1,1.66666666666667,0
95,4,1.66666666666667,0
95,4,1.33333333333333,1
95,4,1.66666666666667,1
95,4,1.33333333333333,0
95,4,1,0
95,4,1.66666666666667,0
95,4,1.33333333333333,0
95,4,1.33333333333333,0
95,4,1,0
95,4,1,0
95,4,1.66666666666667,0
95,4,2,0
95,4,1.33333333333333,0
95,4,2,0
95,4,1.66666666666667,0
95,4,2,0
95,4,1,0
96,1,1.33333333333333,0
96,1,1.66666666666667,1
96,1,1,0
96,1,1.33333333333333,0
96,1,1.66666666666667,0
96,1,1.33333333333333,0
96,1,1.66666666666667,1
96,4,1.66666666666667,0
96,4,1.66666666666667,0
96,4,1.33333333333333,0
96,4,1.33333333333333,0
96,4,2.33333333333333,1
96,4,1.33333333333333,1
97,1,1,0
97,1,1,0
97,1,1.33333333333333,0
97,1,1.33333333333333,1
97,1,1.66666666666667,0
97,1,1,0
97,1,1.66666666666667,1
97,1,1,0
97,1,1,0
97,1,2,0
97,4,1,0
97,4,1.66666666666667,0
97,4,1,0
97,4,1.33333333333333,0
97,4,1,0
97,4,1.33333333333333,0
97,4,1.33333333333333,1
97,4,2,0
97,4,1.33333333333333,1
97,4,1.66666666666667,0
97,4,1.33333333333333,0
97,4,1.33333333333333,0
97,4,1.33333333333333,0
98,1,1.33333333333333,0
98,1,1.66666666666667,0
98,1,1.33333333333333,0
98,1,2,0
98,1,1,0
98,1,1.66666666666667,0
98,1,2.33333333333333,1
98,1,1.66666666666667,0
98,1,2.33333333333333,1
98,4,1,0
98,4,1.33333333333333,0
98,4,1.33333333333333,0
98,4,2,1
98,4,1.33333333333333,0
98,4,2,0
98,4,1,0
98,4,2,1
98,4,1.66666666666667,0
99,1,1,1
99,1,1.33333333333333,1
99,1,1,0
99,1,1.33333333333333,0
99,1,1.33333333333333,0
99,4,1,0
99,4,1,0
99,4,1.33333333333333,1
99,4,1.33333333333333,0
99,4,1.33333333333333,1
99,4,1.66666666666667,0
100,1,1.33333333333333,0
100,1,1,0
100,1,1.66666666666667,0
100,1,2,1
100,1,2.33333333333333,1
100,1,1.66666666666667,0
100,1,2,0
100,1,1.33333333333333,0
100,1,4.33333333333333,0
100,1,2,0
100,4,1,0
100,4,1.33333333333333,1
100,4,1,0
100,4,1.33333333333333,1
101,1,1,0
101,1,1.33333333333333,0
101,1,1.66666666666667,0
101,1,1,0
101,1,2,0
101,1,1.66666666666667,0
101,1,1.33333333333333,0
101,1,1.66666666666667,1
101,1,1.66666666666667,0
101,1,1.33333333333333,1
101,1,1.33333333333333,0
101,4,1,0
101,4,1,0
101,4,2.33333333333333,0
101,4,2,0
101,4,1.66666666666667,0
101,4,1.66666666666667,1
101,4,1.66666666666667,0
101,4,1.66666666666667,0
101,4,1.66666666666667,0
101,4,1.33333333333333,0
101,4,2,1
101,4,1.66666666666667,0
101,4,1.33333333333333,0
102,1,1,0
102,1,1,0
102,1,1.66666666666667,0
102,1,2,0
102,1,1.66666666666667,1
102,1,3,0
102,1,2,0
102,1,3,1
102,1,3,0
102,4,1,0
102,4,1.66666666666667,0
102,4,1,0
102,4,2.33333333333333,0
102,4,2,1
102,4,2,1
102,4,3,0
102,4,3,0
102,4,1.33333333333333,0
102,4,2.66666666666667,0
102,4,1,0
102,4,1,0
102,4,1.33333333333333,0
102,4,1.66666666666667,0
102,4,1.66666666666667,0
103,1,2.66666666666667,0
103,1,1.33333333333333,0
103,1,2,1
103,1,1.66666666666667,1
103,1,1.33333333333333,0
103,1,1,0
103,1,1,0
103,1,1,0
103,1,2.33333333333333,0
103,4,1.66666666666667,0
103,4,1.33333333333333,0
103,4,1,0
103,4,1.66666666666667,0
103,4,1,0
103,4,1.33333333333333,0
103,4,1.66666666666667,0
103,4,1.66666666666667,1
103,4,3,1
103,4,1.33333333333333,0
103,4,1.66666666666667,0
104,1,1.66666666666667,1
104,1,1,0
104,1,1.66666666666667,0
104,1,2.66666666666667,1
104,1,1.66666666666667,0
104,4,1.66666666666667,0
104,4,3,1
104,4,2,0
104,4,2.33333333333333,1
105,1,1.66666666666667,1
105,1,1.33333333333333,0
105,1,1.66666666666667,1
105,1,2.33333333333333,0
105,4,1.66666666666667,0
105,4,2,1
105,4,1.66666666666667,0
105,4,1.66666666666667,0
105,4,2.33333333333333,1
105,4,1,0
106,1,1,1
106,1,2,0
106,1,1.66666666666667,0
106,1,2,0
106,1,2.66666666666667,0
106,1,2,1
106,4,1.66666666666667,0
106,4,2,0
106,4,2,1
106,4,1.66666666666667,1
106,4,1.66666666666667,0
106,4,2,0
107,1,1.66666666666667,0
107,1,2.33333333333333,0
107,1,1.66666666666667,0
107,1,2.66666666666667,0
107,1,2,0
107,1,1.66666666666667,1
107,1,2,0
107,1,2,1
107,4,1.66666666666667,0
107,4,1.66666666666667,0
107,4,1.33333333333333,0
107,4,2,1
107,4,1.66666666666667,0
107,4,1.66666666666667,1
107,4,1.66666666666667,0
108,1,2.33333333333333,0
108,1,1.66666666666667,0
108,1,1.66666666666667,0
108,1,1.66666666666667,1
108,1,1.66666666666667,0
108,1,2,1
108,4,1.33333333333333,0
108,4,2,1
108,4,2.33333333333333,1
109,1,1.66666666666667,1
109,1,1.33333333333333,1
109,1,2,0
109,4,1.66666666666667,0
109,4,2.33333333333333,1
109,4,1.66666666666667,0
109,4,1.33333333333333,0
109,4,1.66666666666667,1
110,1,2,1
110,1,1.66666666666667,0
110,1,2.66666666666667,0
110,1,1.33333333333333,1
110,4,1.66666666666667,0
110,4,1.66666666666667,1
110,4,2.33333333333333,1
111,1,1.33333333333333,0
111,1,1.33333333333333,0
111,1,2,1
111,1,1,0
111,1,3,0
111,1,1.33333333333333,0
111,1,1.33333333333333,0
111,1,2,0
111,1,2.66666666666667,1
111,4,1,0
111,4,1,0
111,4,1.66666666666667,0
111,4,1.66666666666667,0
111,4,1.66666666666667,1
111,4,1.66666666666667,0
111,4,1,0
111,4,2,0
111,4,2,1
112,1,1,0
112,1,2.66666666666667,1
112,1,2.66666666666667,1
112,1,1.66666666666667,0
112,1,2,0
112,1,1.66666666666667,0
112,4,1,0
112,4,1.33333333333333,1
112,4,1.33333333333333,1
112,4,2.33333333333333,0
112,4,2,0
112,4,1.66666666666667,0
113,1,1.66666666666667,0
113,1,2,0
113,1,1,0
113,1,1.66666666666667,1
113,1,1,0
113,1,2,0
113,1,2,0
113,1,1.33333333333333,0
113,1,1.66666666666667,1
113,4,2,1
113,4,2,0
113,4,2,1
113,4,1,0
113,4,2,0
113,4,1.33333333333333,0
114,1,1.33333333333333,0
114,1,1.66666666666667,0
114,1,1.66666666666667,0
114,1,3.33333333333333,0
114,1,2.33333333333333,1
114,1,3,1
114,1,1.66666666666667,0
114,4,1.66666666666667,1
114,4,2,0
114,4,1.33333333333333,0
114,4,1.33333333333333,0
114,4,1.33333333333333,0
114,4,1.33333333333333,0
114,4,1.66666666666667,1
114,4,2.33333333333333,0
115,1,1,0
115,1,1.33333333333333,0
115,1,1,0
115,1,1.33333333333333,0
115,1,2,0
115,1,2,0
115,1,1.33333333333333,1
115,1,1.33333333333333,1
115,1,1.66666666666667,0
115,1,1,0
115,1,1,0
115,4,1,0
115,4,1,0
115,4,1,0
115,4,1,0
115,4,1,0
115,4,1,0
115,4,1,0
115,4,1,0
115,4,1,0
115,4,1,0
115,4,2,0
115,4,1.66666666666667,0
115,4,1.66666666666667,1
115,4,1,0
115,4,1.66666666666667,0
115,4,1.33333333333333,1
116,1,2,1
116,1,1.33333333333333,0
116,1,1.66666666666667,1
116,4,2.66666666666667,0
116,4,1.66666666666667,0
116,4,2.33333333333333,1
116,4,2.33333333333333,1
116,4,2,0
117,1,1.33333333333333,1
117,1,1,1
117,1,2,0
117,1,1.33333333333333,0
117,4,1.33333333333333,0
117,4,2,1
117,4,2.66666666666667,0
117,4,1.33333333333333,0
117,4,4,1
118,1,1.33333333333333,0
118,1,1,0
118,1,1.66666666666667,1
118,1,1,0
118,1,1,0
118,1,1,0
118,1,1.66666666666667,0
118,1,1.66666666666667,1
118,4,1.33333333333333,1
118,4,1.33333333333333,0
118,4,1,0
118,4,1.66666666666667,0
118,4,1.33333333333333,1
118,4,1,0
118,4,1,0
118,4,1.33333333333333,0
119,1,1.33333333333333,0
119,1,1.33333333333333,0
119,1,2,1
119,1,1.66666666666667,0
119,1,3,0
119,1,2.33333333333333,1
119,4,2,0
119,4,2,1
119,4,2.33333333333333,0
119,4,1.66666666666667,1
119,4,2.33333333333333,0
119,4,1.33333333333333,0
120,1,1.66666666666667,1
120,1,1,0
120,1,1,0
120,1,2,1
120,4,2.33333333333333,0
120,4,2,1
120,4,1,0
120,4,1.66666666666667,1
120,4,1.66666666666667,0
120,4,2,0
120,4,2.33333333333333,0
121,1,2.66666666666667,1
121,1,2,0
121,1,1.66666666666667,0
121,1,1.66666666666667,1
121,1,1.66666666666667,0
121,4,1.66666666666667,0
121,4,2,1
121,4,1.66666666666667,1
122,1,1,0
122,1,1.33333333333333,0
122,1,1.66666666666667,1
122,1,1.33333333333333,1
122,1,1,0
122,1,1.66666666666667,0
122,1,1.66666666666667,0
122,4,1.66666666666667,0
122,4,1.33333333333333,0
122,4,1,0
122,4,1.66666666666667,1
122,4,1.33333333333333,1
122,4,1.66666666666667,0
123,1,1,1
123,1,2,0
123,1,2.33333333333333,0
123,1,1.66666666666667,0
123,1,1.33333333333333,0
123,1,1,0
123,1,1.66666666666667,0
123,1,1.33333333333333,1
123,4,1.66666666666667,0
123,4,2.33333333333333,1
123,4,1.66666666666667,1
123,4,1.66666666666667,0
123,4,1.66666666666667,0
123,4,1.66666666666667,0
123,4,1.66666666666667,0
123,4,1.66666666666667,0
123,4,2,0
125,1,1,0
125,1,1.33333333333333,0
125,1,1.66666666666667,0
125,1,1.33333333333333,0
125,1,2,1
125,1,3.66666666666667,1
125,1,1.33333333333333,0
125,1,3,0
125,1,1.66666666666667,0
125,4,1,0
125,4,1,0
125,4,2,1
125,4,2,0
125,4,1.66666666666667,0
125,4,1.33333333333333,0
125,4,2,0
125,4,1.66666666666667,0
125,4,2,1
126,1,1,0
126,1,1,0
126,1,1.33333333333333,0
126,1,1.66666666666667,0
126,1,2,0
126,1,1.66666666666667,1
126,1,3,0
126,1,1.66666666666667,0
126,1,1.33333333333333,0
126,1,2,0
126,1,1.33333333333333,0
126,1,2,0
126,1,2,0
126,1,2.33333333333333,0
126,1,2.33333333333333,0
126,1,1.66666666666667,0
126,1,2.33333333333333,0
126,1,1.33333333333333,1
126,1,1.66666666666667,0
126,1,1.66666666666667,0
126,1,1.66666666666667,0
126,4,1,0
126,4,1.33333333333333,0
126,4,2.33333333333333,0
126,4,2,0
126,4,1.66666666666667,0
126,4,2,0
126,4,1.33333333333333,0
126,4,1.66666666666667,0
126,4,1.66666666666667,1
126,4,4,1
126,4,2,0
126,4,1.66666666666667,0
126,4,2.33333333333333,0
126,4,1.66666666666667,0
126,4,2.33333333333333,0
126,4,2,0
126,4,2,0
126,4,1.66666666666667,0
126,4,2.33333333333333,0
127,1,1,0
127,1,1.33333333333333,0
127,1,1,0
127,1,1,1
127,1,1,0
127,1,1,1
127,4,1.33333333333333,0
127,4,2,1
127,4,1.66666666666667,1
128,1,1,0
128,1,1,0
128,1,1,0
128,1,1.66666666666667,1
128,1,1.33333333333333,1
128,1,1.66666666666667,0
128,4,1.66666666666667,0
128,4,1.66666666666667,1
128,4,1.66666666666667,0
128,4,1.66666666666667,1
128,4,1.33333333333333,0
129,1,1.33333333333333,0
129,1,1.66666666666667,0
129,1,1,0
129,1,1.66666666666667,0
129,1,1.66666666666667,1
129,1,2,1
129,1,1.66666666666667,0
129,1,2,0
129,4,1.66666666666667,0
129,4,1.33333333333333,0
129,4,2.33333333333333,0
129,4,2,0
129,4,2,1
129,4,1.33333333333333,0
129,4,3,1
129,4,1.66666666666667,0
129,4,3,0
130,1,1.33333333333333,0
130,1,1.66666666666667,0
130,1,1.66666666666667,1
130,1,2.33333333333333,1
130,4,1,1
130,4,1,0
130,4,1.66666666666667,0
130,4,1.33333333333333,1
130,4,1,0
132,1,1,0
132,1,1.33333333333333,1
132,1,1.66666666666667,0
132,1,1.33333333333333,0
132,1,1.66666666666667,0
132,1,1.66666666666667,0
132,1,1.33333333333333,0
132,1,2,1
132,4,1.33333333333333,1
132,4,1.66666666666667,0
132,4,1,0
132,4,1.33333333333333,0
132,4,2,0
132,4,1.66666666666667,0
132,4,1.66666666666667,1
133,1,1,0
133,1,1.66666666666667,0
133,1,1.66666666666667,1
133,1,1.66666666666667,0
133,1,1.66666666666667,0
133,1,2.33333333333333,1
133,4,1.66666666666667,0
133,4,2,0
133,4,2,1
133,4,2,0
133,4,3,1
134,1,2.33333333333333,0
134,1,1.66666666666667,0
134,1,1.33333333333333,0
134,1,3,1
134,1,1.33333333333333,1
134,1,1.33333333333333,0
134,1,1.66666666666667,0
134,4,2.33333333333333,0
134,4,1.33333333333333,0
134,4,2,0
134,4,1,0
134,4,2,0
134,4,1.66666666666667,1
134,4,1.66666666666667,0
134,4,2.33333333333333,0
134,4,1.66666666666667,0
134,4,1.66666666666667,0
134,4,2.33333333333333,0
134,4,2.33333333333333,1
134,4,2,0
135,1,1,0
135,1,1,0
135,1,1.66666666666667,1
135,1,1.33333333333333,0
135,1,2,0
135,1,1,0
135,1,1,0
135,1,2,1
135,4,1.33333333333333,0
135,4,1.66666666666667,1
135,4,1,0
135,4,1,0
135,4,2.33333333333333,0
135,4,1,0
135,4,1,0
135,4,1.66666666666667,1
135,4,1.66666666666667,0
137,1,1,0
137,1,1,0
137,1,1,0
137,1,1,1
137,1,1,0
137,1,1.33333333333333,1
137,1,1.33333333333333,0
137,1,1.66666666666667,0
137,4,1.66666666666667,0
137,4,1.66666666666667,0
137,4,1.66666666666667,1
137,4,1.66666666666667,0
137,4,1.66666666666667,1
138,1,2,1
138,1,2,0
138,1,2,1
138,1,1,0
138,1,1.33333333333333,0
138,1,1,0
138,4,1.66666666666667,0
138,4,1.33333333333333,0
138,4,1,0
138,4,2,1
138,4,2.66666666666667,1
138,4,1.33333333333333,0
139,1,1,0
139,1,1.33333333333333,1
139,1,1,1
139,1,1,0
139,1,1,0
139,1,1,0
139,4,1,0
139,4,1,0
139,4,2,1
139,4,2,1
139,4,1.33333333333333,0
139,4,1.66666666666667,0
139,4,1.66666666666667,0
139,4,1.33333333333333,0
140,1,1.66666666666667,1
140,1,1.66666666666667,0
140,1,3,1
140,1,1.66666666666667,0
140,4,1.66666666666667,1
140,4,1.33333333333333,0
140,4,2.33333333333333,1
140,4,1.66666666666667,0
141,1,1.66666666666667,0
141,1,1.66666666666667,1
141,1,1.66666666666667,1
141,1,2.66666666666667,0
141,1,2,0
141,4,2,0
141,4,1.66666666666667,0
141,4,3,1
141,4,1.33333333333333,0
141,4,2,1
142,1,1,0
142,1,1,0
142,1,2,0
142,1,1.66666666666667,0
142,1,2,1
142,1,1.66666666666667,1
142,1,2.33333333333333,0
142,1,2.66666666666667,0
142,1,1.33333333333333,0
142,1,1.66666666666667,0
142,1,1.66666666666667,0
142,1,1,0
142,1,1,0
142,1,1,0
142,4,1.33333333333333,0
142,4,1.33333333333333,1
142,4,1,0
142,4,1.33333333333333,0
142,4,1.66666666666667,0
142,4,2,1
142,4,1.66666666666667,0
142,4,1.33333333333333,0
142,4,1.66666666666667,0
142,4,1.33333333333333,0
142,4,1,0
143,1,1.33333333333333,0
143,1,1.66666666666667,1
143,1,1.66666666666667,0
143,1,2,0
143,1,1,0
143,1,1.66666666666667,0
143,1,1.33333333333333,1
143,1,1.66666666666667,0
143,4,1.66666666666667,1
143,4,1.66666666666667,1
143,4,1.33333333333333,0
143,4,1.66666666666667,0
143,4,2,0
144,1,1.66666666666667,0
144,1,1.33333333333333,0
144,1,1.33333333333333,0
144,1,1.66666666666667,0
144,1,1.66666666666667,0
144,1,2.33333333333333,1
144,1,2.33333333333333,1
144,1,2.33333333333333,0
144,1,1.66666666666667,0
144,4,1,0
144,4,1.66666666666667,0
144,4,2,0
144,4,1.66666666666667,0
144,4,1.66666666666667,1
144,4,1,0
144,4,1.66666666666667,0
144,4,2,1
145,1,1,0
145,1,1.33333333333333,0
145,1,1.33333333333333,0
145,1,1.66666666666667,0
145,1,1.66666666666667,1
145,1,1.33333333333333,1
145,1,1.66666666666667,0
145,1,1.33333333333333,0
145,1,1.33333333333333,0
145,1,1,0
145,1,1,0
145,1,1.66666666666667,0
145,4,1,0
145,4,1,0
145,4,1.33333333333333,0
145,4,1,0
145,4,1,0
145,4,1.66666666666667,0
145,4,1.66666666666667,0
145,4,1.33333333333333,0
145,4,1,0
145,4,1.33333333333333,1
145,4,2,0
145,4,1.66666666666667,1
145,4,1.66666666666667,0
145,4,1.66666666666667,0
145,4,1.33333333333333,0
145,4,1.66666666666667,0
146,1,1,0
146,1,1.66666666666667,1
146,1,1.33333333333333,0
146,1,3.33333333333333,0
146,1,1.33333333333333,0
146,1,1.66666666666667,1
146,1,1.33333333333333,0
146,4,2,1
146,4,1,0
146,4,1.66666666666667,0
146,4,2.66666666666667,1
147,1,1.33333333333333,1
147,1,2,0
147,1,1,0
147,1,2.33333333333333,0
147,1,1.33333333333333,0
147,1,1.66666666666667,0
147,1,2.66666666666667,1
147,1,1.33333333333333,0
147,1,1.66666666666667,0
147,1,2,0
147,1,1,0
147,4,1.66666666666667,0
147,4,1.66666666666667,0
147,4,1.66666666666667,0
147,4,3,1
147,4,1.33333333333333,1
147,4,1.66666666666667,0
148,1,2.33333333333333,1
148,1,1,0
148,1,1,0
148,1,1,0
148,1,1.33333333333333,0
148,1,1,0
148,1,1,0
148,1,1.33333333333333,0
148,1,1,0
148,1,1,0
148,1,1,0
148,1,1,0
148,1,1.33333333333333,0
148,1,1.66666666666667,1
148,4,2,1
148,4,2,1
148,4,2,0
148,4,1.66666666666667,0
148,4,1,0
149,1,2,0
149,1,2.33333333333333,0
149,1,1.66666666666667,0
149,1,1.66666666666667,0
149,1,2.33333333333333,0
149,1,1.66666666666667,0
149,1,2.66666666666667,1
149,1,2.66666666666667,1
149,1,2.33333333333333,0
149,4,3,0
149,4,1.66666666666667,0
149,4,1.66666666666667,0
149,4,2.33333333333333,0
149,4,1.66666666666667,0
149,4,1.66666666666667,0
149,4,2,0
149,4,3.33333333333333,1
149,4,2.66666666666667,0
149,4,2,0
149,4,2.66666666666667,1
150,1,1.66666666666667,0
150,1,1.66666666666667,0
150,1,1,0
150,1,1,0
150,1,1.33333333333333,0
150,1,1.66666666666667,1
150,1,1,0
150,1,2.66666666666667,1
150,1,1,0
150,1,2.33333333333333,0
150,4,2,0
150,4,1.66666666666667,0
150,4,1.66666666666667,0
150,4,1,0
150,4,2,0
150,4,2.33333333333333,1
150,4,1.66666666666667,0
150,4,2,0
150,4,1.66666666666667,1
150,4,1.66666666666667,0
150,4,1.66666666666667,0
151,1,1.66666666666667,0
151,1,1.66666666666667,0
151,1,2.66666666666667,0
151,1,1.33333333333333,0
151,1,1.66666666666667,0
151,1,2,0
151,1,1.66666666666667,0
151,1,2,1
151,1,1.66666666666667,0
151,1,1.33333333333333,0
151,1,2,1
151,4,2,1
151,4,1.66666666666667,0
151,4,1.66666666666667,0
151,4,1,1
151,4,3,0
152,1,2.33333333333333,0
152,1,1.66666666666667,0
152,1,1.66666666666667,0
152,1,1,0
152,1,1.66666666666667,0
152,1,2.33333333333333,1
152,1,3.33333333333333,0
152,1,1,0
152,1,2.66666666666667,1
152,4,1.66666666666667,0
152,4,1.66666666666667,0
152,4,2.33333333333333,1
152,4,1.66666666666667,0
152,4,2.33333333333333,0
152,4,1.66666666666667,1
153,1,1,0
153,1,1,0
153,1,1.66666666666667,0
153,1,2,1
153,1,3,0
153,1,2.33333333333333,1
153,1,3,0
153,1,2.33333333333333,0
153,1,1.33333333333333,0
153,1,2,0
153,4,1,0
153,4,1.66666666666667,0
153,4,1.66666666666667,0
153,4,1,0
153,4,2,1
153,4,2,0
153,4,1.66666666666667,0
153,4,1.33333333333333,0
153,4,2,0
153,4,2,0
153,4,1.33333333333333,1
154,1,1.33333333333333,0
154,1,1.66666666666667,0
154,1,1,0
154,1,1.66666666666667,0
154,1,1.66666666666667,0
154,1,2,1
154,1,1.66666666666667,1
154,4,1.66666666666667,0
154,4,1.66666666666667,0
154,4,1.66666666666667,1
154,4,2,0
154,4,2,1
155,1,2.33333333333333,0
155,1,2,0
155,1,1.66666666666667,0
155,1,1.33333333333333,0
155,1,1.33333333333333,0
155,1,1.66666666666667,1
155,1,1.66666666666667,0
155,1,2.33333333333333,1
155,1,2.66666666666667,0
155,1,2,0
155,1,1.66666666666667,0
155,4,2.66666666666667,0
155,4,1.66666666666667,0
155,4,2.66666666666667,0
155,4,1.66666666666667,0
155,4,1.66666666666667,0
155,4,1.66666666666667,0
155,4,2,0
155,4,1.66666666666667,0
155,4,2.33333333333333,1
155,4,2.33333333333333,0
155,4,2,0
155,4,3.66666666666667,0
155,4,3.66666666666667,1
155,4,2.33333333333333,0
156,1,1,1
156,1,1,1
156,1,1.66666666666667,0
156,1,1,0
156,1,1,0
156,1,1,0
156,4,1,1
156,4,1.66666666666667,1
156,4,1.33333333333333,0
156,4,1.33333333333333,0
157,1,1.66666666666667,0
157,1,2,0
157,1,4.33333333333333,1
157,1,3,0
157,1,2,0
157,1,1.66666666666667,1
157,1,1.66666666666667,0
157,4,2.33333333333333,0
157,4,3,1
157,4,1.33333333333333,0
157,4,2.33333333333333,1
157,4,1.66666666666667,0
157,4,1.66666666666667,0
158,1,1,0
158,1,1,0
158,1,1,0
158,1,1,1
158,1,1,0
158,1,1,1
158,1,1,0
158,1,1,0
158,1,1,0
158,4,1,1
158,4,1,0
158,4,1,0
158,4,1.33333333333333,0
158,4,1.33333333333333,0
158,4,1,1
161,1,1.66666666666667,0
161,1,2,1
161,1,1.33333333333333,0
161,1,1.33333333333333,1
161,1,1.33333333333333,0
161,1,1.66666666666667,0
161,1,1.66666666666667,0
161,4,1.33333333333333,1
161,4,1.33333333333333,0
161,4,1,0
161,4,1,0
161,4,2,1
161,4,1,0
161,4,1.33333333333333,0
162,1,1.33333333333333,0
162,1,1,0
162,1,1.66666666666667,1
162,1,2.33333333333333,1
162,4,1.33333333333333,1
162,4,2,0
162,4,1.66666666666667,1
162,4,1.33333333333333,0
163,1,1.33333333333333,0
163,1,2.33333333333333,0
163,1,2.66666666666667,1
163,1,2,0
163,1,1.66666666666667,0
163,1,2,0
163,1,1.66666666666667,0
163,1,2,1
163,4,1.33333333333333,0
163,4,1.33333333333333,0
163,4,2,0
163,4,2,0
163,4,1.66666666666667,0
163,4,1.66666666666667,1
163,4,1.66666666666667,0
163,4,2,1
164,1,1,0
164,1,2,0
164,1,1.66666666666667,1
164,1,1.33333333333333,0
164,1,1.66666666666667,0
164,1,1.66666666666667,0
164,1,1.33333333333333,0
164,1,2,0
164,1,1.66666666666667,0
164,1,2.66666666666667,0
164,1,1.66666666666667,1
164,4,1.33333333333333,0
164,4,2.33333333333333,1
164,4,1.66666666666667,0
164,4,2,0
164,4,1.66666666666667,0
164,4,2,1
164,4,2.33333333333333,0
165,1,1,0
165,1,1,0
165,1,1,0
165,1,1.33333333333333,0
165,1,2,1
165,1,1.66666666666667,1
165,1,2,0
165,4,1,1
165,4,1.33333333333333,0
165,4,1.66666666666667,0
165,4,1.33333333333333,1
165,4,1.33333333333333,0
166,1,2.33333333333333,0
166,1,2.33333333333333,0
166,1,2.66666666666667,0
166,1,2.33333333333333,1
166,1,1.66666666666667,0
166,1,2.33333333333333,1
166,1,1.66666666666667,0
166,1,1.33333333333333,0
166,1,1.66666666666667,0
166,4,2,0
166,4,3,0
166,4,2.33333333333333,0
166,4,1.66666666666667,0
166,4,2.33333333333333,1
166,4,2.66666666666667,0
166,4,2,1
166,4,2,0
167,1,1,0
167,1,1.66666666666667,1
167,1,1.66666666666667,0
167,1,1.66666666666667,1
167,1,1.66666666666667,0
167,1,1.33333333333333,0
167,4,1.33333333333333,1
167,4,1.66666666666667,0
167,4,1,0
167,4,2.66666666666667,0
167,4,1,1
168,1,1.66666666666667,0
168,1,2.33333333333333,0
168,1,2,0
168,1,2,0
168,1,2.33333333333333,1
168,1,2,1
168,4,1.66666666666667,1
168,4,1.66666666666667,0
168,4,2.33333333333333,1
168,4,2,0
168,4,2,0
168,4,2.33333333333333,0
168,4,2,0
169,1,1.66666666666667,1
169,1,1.33333333333333,0
169,1,3.33333333333333,0
169,1,2.33333333333333,0
169,1,1.66666666666667,0
169,1,1,0
169,1,1.33333333333333,0
169,1,1.33333333333333,1
169,4,1.33333333333333,1
169,4,1.66666666666667,1
169,4,1.66666666666667,0
169,4,1,0
169,4,1.33333333333333,0
169,4,2,0
170,1,1,0
170,1,1,0
170,1,2,0
170,1,2.33333333333333,1
170,1,1,0
170,1,1.33333333333333,0
170,1,1,1
170,1,1.33333333333333,0
170,1,1.66666666666667,0
170,4,1.66666666666667,0
170,4,1.66666666666667,1
170,4,2,0
170,4,1.66666666666667,0
170,4,1,0
170,4,1.33333333333333,0
170,4,2,1
170,4,1.33333333333333,0
170,4,2.66666666666667,0
170,4,1.66666666666667,0
170,4,2,0
170,4,2,0
171,1,1.33333333333333,0
171,1,1.66666666666667,0
171,1,1.33333333333333,1
171,1,1.66666666666667,0
171,1,3.33333333333333,1
171,1,2,0
171,1,1.66666666666667,0
171,4,2,0
171,4,2.33333333333333,1
171,4,2.33333333333333,0
171,4,1.66666666666667,0
171,4,2,0
171,4,2,0
171,4,2,1
171,4,1.66666666666667,0
172,1,1.66666666666667,0
172,1,1.66666666666667,0
172,1,1.66666666666667,0
172,1,1.66666666666667,1
172,1,2.33333333333333,1
172,4,1.66666666666667,1
172,4,1.66666666666667,0
172,4,1.66666666666667,0
172,4,1.33333333333333,0
172,4,2,0
172,4,2,1
173,1,3,0
173,1,1.33333333333333,0
173,1,4.33333333333333,1
173,1,2.66666666666667,0
173,1,2,1
173,4,1.66666666666667,0
173,4,2.33333333333333,1
173,4,2,1
173,4,2.33333333333333,0
174,1,1.66666666666667,1
174,1,1.66666666666667,0
174,1,1.66666666666667,1
174,4,1.33333333333333,0
174,4,1.66666666666667,0
174,4,1.33333333333333,0
174,4,1.66666666666667,1
174,4,2,1
175,1,2.33333333333333,1
175,1,1.66666666666667,0
175,1,1,1
175,1,2.66666666666667,0
175,4,1.66666666666667,0
175,4,1.66666666666667,0
175,4,1.66666666666667,0
175,4,1.66666666666667,1
175,4,2,0
175,4,1.66666666666667,1
176,1,1.66666666666667,0
176,1,1,0
176,1,2.33333333333333,1
176,1,1,0
176,1,1.66666666666667,0
176,1,1,0
176,1,1.66666666666667,1
176,1,1.33333333333333,0
176,4,1,0
176,4,2.66666666666667,1
176,4,1.66666666666667,0
176,4,2.33333333333333,0
176,4,3.33333333333333,0
176,4,1.33333333333333,0
176,4,1.66666666666667,0
176,4,1.66666666666667,0
176,4,1.66666666666667,1
177,1,1,1
177,1,1.66666666666667,0
177,1,1.66666666666667,0
177,1,1,0
177,1,1.33333333333333,0
177,1,1.33333333333333,1
177,1,2.33333333333333,0
177,1,1,0
177,1,1.33333333333333,0
177,1,1,0
177,1,1,0
177,4,1,0
177,4,1.33333333333333,0
177,4,2,0
177,4,2.33333333333333,1
177,4,1.33333333333333,0
177,4,1,0
177,4,1,0
177,4,1,0
177,4,1.66666666666667,0
177,4,2.33333333333333,1
177,4,1,0
178,1,1,0
178,1,1.33333333333333,1
178,1,2,1
178,4,1.66666666666667,1
178,4,2,1
178,4,1.33333333333333,0
178,4,1.66666666666667,0
179,1,1.66666666666667,1
179,1,2.33333333333333,1
179,1,1.66666666666667,0
179,4,2,1
179,4,1,0
179,4,1.66666666666667,1
180,1,1.66666666666667,0
180,1,2,1
180,1,2,1
180,1,1.33333333333333,0
180,1,1,0
180,1,1.33333333333333,0
180,4,1.66666666666667,1
180,4,2,0
180,4,1.66666666666667,0
180,4,1,0
180,4,2,0
180,4,1.66666666666667,1
181,1,2,1
181,1,1.66666666666667,1
181,1,1.66666666666667,0
181,4,2.33333333333333,1
181,4,1.66666666666667,0
181,4,1.66666666666667,0
181,4,1.66666666666667,1
182,1,1,1
182,1,1.33333333333333,1
182,4,2,1
182,4,1,0
182,4,1,1
183,1,1.33333333333333,0
183,1,2,1
183,1,1.66666666666667,1
183,1,1,0
183,1,1.66666666666667,0
183,1,1.66666666666667,0
183,4,1.33333333333333,0
183,4,1.66666666666667,0
183,4,1.66666666666667,1
183,4,2,1
183,4,1.33333333333333,0
183,4,1.33333333333333,0
183,4,2,0
184,1,2,1
184,1,3,0
184,1,1.66666666666667,0
184,1,2,1
184,1,2.66666666666667,0
184,1,2.33333333333333,0
184,1,3,0
184,4,3,1
184,4,4.33333333333333,1
184,4,1.66666666666667,0
184,4,1.66666666666667,0
184,4,2.33333333333333,0
185,1,1,0
185,1,1.33333333333333,0
185,1,1.33333333333333,0
185,1,1,0
185,1,1.66666666666667,0
185,1,1.66666666666667,0
185,1,2.66666666666667,1
185,1,1.66666666666667,0
185,1,2,1
185,4,1.66666666666667,0
185,4,1.66666666666667,0
185,4,1.66666666666667,0
185,4,1.66666666666667,0
185,4,2,0
185,4,2,0
185,4,2.33333333333333,0
185,4,1.66666666666667,0
185,4,1.66666666666667,0
185,4,1.33333333333333,1
185,4,2,0
185,4,2.66666666666667,1
186,1,1.66666666666667,0
186,1,1.33333333333333,0
186,1,1.66666666666667,0
186,1,1.66666666666667,0
186,1,1.66666666666667,0
186,1,2,0
186,1,3,1
186,1,1.66666666666667,1
186,1,1.66666666666667,0
186,4,2,1
186,4,1.66666666666667,0
186,4,2,0
186,4,2,1
186,4,2.66666666666667,0
187,1,1.33333333333333,1
187,1,1.33333333333333,0
187,1,1.66666666666667,1
187,1,1.33333333333333,0
187,1,2,0
187,1,1.66666666666667,0
187,1,1.33333333333333,0
187,4,2,1
187,4,1.33333333333333,0
187,4,1.33333333333333,0
187,4,2,1
188,1,2,0
188,1,1.66666666666667,1
188,1,1.66666666666667,1
188,1,2.33333333333333,0
188,1,1.66666666666667,0
188,1,2.66666666666667,0
188,4,2.66666666666667,1
188,4,2.33333333333333,0
188,4,2.33333333333333,1
188,4,4.33333333333333,0
189,1,1.66666666666667,1
189,1,1.66666666666667,0
189,1,1.66666666666667,0
189,1,3,1
189,1,1,0
189,1,1,0
189,1,1.33333333333333,0
189,4,2,0
189,4,1.66666666666667,1
189,4,1,0
189,4,2,1
189,4,2.66666666666667,0
189,4,1.33333333333333,0
190,1,1.66666666666667,1
190,1,1.66666666666667,1
190,1,1.33333333333333,0
190,4,1.66666666666667,0
190,4,1.66666666666667,1
190,4,1.66666666666667,0
190,4,1.33333333333333,0
190,4,1.66666666666667,0
190,4,1.66666666666667,0
190,4,1.66666666666667,1
191,1,1.33333333333333,0
191,1,1.66666666666667,0
191,1,3,1
191,1,1.66666666666667,1
191,1,2,0
191,1,1,0
191,1,1.66666666666667,0
191,4,2,1
191,4,2,0
191,4,1.33333333333333,0
191,4,2,1
191,4,2.33333333333333,0
192,1,1.66666666666667,1
192,1,1.33333333333333,0
192,1,1.66666666666667,0
192,1,2.33333333333333,0
192,1,1.33333333333333,0
192,1,2,1
192,4,2,0
192,4,1,0
192,4,2,1
192,4,2,1
193,1,2.33333333333333,1
193,1,1.66666666666667,1
193,1,1.33333333333333,0
193,1,1.66666666666667,0
193,1,1,0
193,1,1,0
193,4,1.66666666666667,0
193,4,1,0
193,4,2.33333333333333,1
193,4,1.66666666666667,0
193,4,3,1
194,1,1.33333333333333,1
194,1,1,0
194,1,1.66666666666667,1
194,1,1,0
194,4,1,0
194,4,1,0
194,4,1,0
194,4,1,1
194,4,1,0
194,4,1.33333333333333,0
194,4,1.66666666666667,1
195,1,1.66666666666667,0
195,1,2.66666666666667,0
195,1,1.66666666666667,0
195,1,2,0
195,1,3,0
195,1,2,0
195,1,2,0
195,1,1.66666666666667,0
195,1,2.66666666666667,0
195,1,4.66666666666667,0
195,1,1.33333333333333,0
195,1,1.66666666666667,1
195,1,1.66666666666667,0
195,1,3,1
195,1,2,0
195,4,2.66666666666667,1
195,4,1.33333333333333,0
195,4,1,0
195,4,1.33333333333333,0
195,4,1.66666666666667,1
195,4,1.33333333333333,0
195,4,2.66666666666667,0
195,4,1.33333333333333,0
196,1,1.66666666666667,0
196,1,1.66666666666667,0
196,1,4,1
196,1,1.66666666666667,0
196,1,3,1
196,1,1.66666666666667,0
196,1,1.66666666666667,0
196,1,2.33333333333333,0
196,1,1.66666666666667,0
196,4,2.33333333333333,0
196,4,1.66666666666667,0
196,4,1.66666666666667,0
196,4,3,0
196,4,2.66666666666667,1
196,4,2.66666666666667,0
196,4,2,0
196,4,2.33333333333333,0
196,4,3.66666666666667,1
197,1,2,0
197,1,1,0
197,1,1.33333333333333,0
197,1,1.66666666666667,0
197,1,2.66666666666667,1
197,1,2.66666666666667,1
197,1,1.66666666666667,0
197,4,2,0
197,4,2.33333333333333,1
197,4,1.33333333333333,0
197,4,2,1
197,4,2,0
198,1,1,0
198,1,1.66666666666667,0
198,1,1,0
198,1,1,0
198,1,1.33333333333333,0
198,1,1,0
198,1,1,0
198,1,1,0
198,1,2.33333333333333,0
198,1,1,0
198,1,1.66666666666667,0
198,1,1,0
198,1,1.66666666666667,1
198,1,1.33333333333333,0
198,1,1,0
198,1,1,0
198,1,1.66666666666667,1
198,4,1,0
198,4,1.33333333333333,0
198,4,2,0
198,4,2.66666666666667,0
198,4,1.66666666666667,0
198,4,2.66666666666667,1
198,4,2,0
198,4,1.66666666666667,1
199,1,1.33333333333333,0
199,1,1.33333333333333,1
199,1,1,1
199,1,1.66666666666667,0
199,1,1,0
199,1,1,0
199,1,1.33333333333333,0
199,4,1.33333333333333,1
199,4,1.66666666666667,1
199,4,1.33333333333333,0
199,4,1.66666666666667,0
199,4,1.33333333333333,0
199,4,2,0
199,4,1.33333333333333,0
200,1,1,0
200,1,1,0
200,1,1.33333333333333,0
200,1,3,1
200,1,2.66666666666667,0
200,1,1,0
200,1,1.66666666666667,0
200,1,2.33333333333333,0
200,1,3.66666666666667,1
200,1,1,0
200,1,1,0
200,1,2.66666666666667,0
200,4,1,0
200,4,1.66666666666667,1
200,4,1.66666666666667,0
200,4,1.33333333333333,0
200,4,1.33333333333333,0
200,4,1.66666666666667,0
200,4,1.66666666666667,0
200,4,2.33333333333333,1
200,4,1.33333333333333,0
202,1,1.66666666666667,0
202,1,2,0
202,1,1.33333333333333,0
202,1,1.66666666666667,0
202,1,1.66666666666667,0
202,1,1.33333333333333,0
202,1,1.66666666666667,1
202,1,1.66666666666667,1
202,1,1.66666666666667,0
202,1,2.66666666666667,0
202,4,1.66666666666667,0
202,4,2.33333333333333,1
202,4,2.66666666666667,1
202,4,1.66666666666667,0
202,4,2,0
202,4,2,0
202,4,2,0
202,4,3,0
202,4,1,0
202,4,1.66666666666667,0
203,1,1.33333333333333,0
203,1,2,0
203,1,3,0
203,1,2,0
203,1,1.66666666666667,0
203,1,1.66666666666667,0
203,1,2.66666666666667,0
203,1,2.33333333333333,0
203,1,2.33333333333333,1
203,1,5,1
203,4,1.33333333333333,1
203,4,2.33333333333333,0
203,4,2,0
203,4,2,0
203,4,2,0
203,4,2.66666666666667,0
203,4,2,0
203,4,3,1
203,4,2,0
203,4,2,0
203,4,2.33333333333333,0
203,4,1.66666666666667,0
204,1,2.33333333333333,0
204,1,1.66666666666667,1
204,1,1.66666666666667,1
204,1,1,0
204,1,1,0
204,1,1,0
204,4,1,0
204,4,1.33333333333333,0
204,4,1,0
204,4,1,0
204,4,1.66666666666667,1
204,4,1,0
204,4,1.33333333333333,0
204,4,1.33333333333333,1
204,4,1.66666666666667,0
204,4,2,0
204,4,1.66666666666667,0
204,4,1,0
204,4,1,0
204,4,1.66666666666667,0
205,1,1.66666666666667,0
205,1,1.66666666666667,0
205,1,2,0
205,1,1.66666666666667,0
205,1,1,0
205,1,2.66666666666667,0
205,1,3,0
205,1,2.33333333333333,0
205,1,3,0
205,1,2.33333333333333,0
205,1,2.33333333333333,1
205,1,2,0
205,1,3,0
205,1,3,1
205,4,1,0
205,4,1.33333333333333,0
205,4,1.33333333333333,0
205,4,1.66666666666667,1
205,4,1.33333333333333,0
205,4,2,0
205,4,1.66666666666667,0
205,4,1.66666666666667,0
205,4,2,0
205,4,1.66666666666667,0
205,4,2,1
206,1,1.66666666666667,0
206,1,1.33333333333333,0
206,1,1.33333333333333,1
206,1,1.66666666666667,1
206,4,1,0
206,4,1.66666666666667,0
206,4,1.66666666666667,1
206,4,1,0
206,4,1.66666666666667,0
206,4,2,1
208,1,1,0
208,1,1,1
208,1,1.66666666666667,1
208,1,1,0
208,1,1.66666666666667,0
208,1,1.33333333333333,0
208,4,1,0
208,4,1.66666666666667,0
208,4,2,0
208,4,1.66666666666667,0
208,4,1,0
208,4,2,1
208,4,1.66666666666667,1
209,1,1.33333333333333,0
209,1,1.66666666666667,0
209,1,1,0
209,1,1,0
209,1,1.66666666666667,1
209,1,2.33333333333333,1
209,4,1.33333333333333,0
209,4,1.33333333333333,0
209,4,2,1
209,4,1.33333333333333,0
209,4,1.33333333333333,1
210,1,1.33333333333333,1
210,1,1.33333333333333,0
210,1,1.66666666666667,0
210,1,1,0
210,1,1.66666666666667,0
210,1,1.66666666666667,0
210,1,1.33333333333333,1
210,1,1.33333333333333,0
210,4,1.33333333333333,0
210,4,1,0
210,4,1,0
210,4,2,1
210,4,1.33333333333333,0
210,4,1.66666666666667,0
210,4,2.33333333333333,1
210,4,1.66666666666667,0
210,4,1.33333333333333,0
210,4,1.33333333333333,0
210,4,2,0
211,1,1.66666666666667,0
211,1,1.66666666666667,1
211,1,1,0
211,1,1.33333333333333,0
211,1,2,1
211,4,2,0
211,4,2,0
211,4,1.33333333333333,0
211,4,1.66666666666667,1
211,4,1,1
212,1,1,0
212,1,1,0
212,1,1,0
212,1,2.66666666666667,1
212,1,3.33333333333333,0
212,1,1.33333333333333,1
212,4,1,1
212,4,1,0
212,4,1,1
212,4,1,0
212,4,1.66666666666667,0
213,1,1.66666666666667,1
213,1,2,0
213,1,2.33333333333333,0
213,1,1.66666666666667,0
213,1,2,0
213,1,2.66666666666667,0
213,1,2.66666666666667,1
213,1,2.33333333333333,0
213,1,2,0
213,4,1.66666666666667,0
213,4,1,0
213,4,1.66666666666667,1
213,4,2.33333333333333,0
213,4,1,1
213,4,2,0
214,1,1,0
214,1,1,0
214,1,1.66666666666667,0
214,1,1,0
214,1,1.66666666666667,1
214,1,1,0
214,1,1,0
214,1,1.66666666666667,1
214,4,1.33333333333333,0
214,4,1.66666666666667,0
214,4,1.33333333333333,1
214,4,1.33333333333333,0
214,4,2,0
214,4,2,1
215,1,2,1
215,1,1.66666666666667,0
215,1,1.33333333333333,0
215,1,1,0
215,1,1.66666666666667,1
215,1,1.33333333333333,0
215,4,1,0
215,4,1.33333333333333,1
215,4,1.33333333333333,0
215,4,1,0
215,4,1,0
215,4,1.33333333333333,1
215,4,1,0
215,4,1,0
215,4,1,0
215,4,1,0
216,1,1.33333333333333,0
216,1,1.33333333333333,0
216,1,1,0
216,1,2.66666666666667,0
216,1,2.33333333333333,0
216,1,1.66666666666667,0
216,1,2,1
216,1,1.66666666666667,0
216,1,1.66666666666667,0
216,1,2.33333333333333,1
216,1,2,0
216,1,1.33333333333333,0
216,1,1.33333333333333,0
216,1,2.33333333333333,0
216,4,1.33333333333333,0
216,4,1.33333333333333,0
216,4,1.66666666666667,0
216,4,1.33333333333333,0
216,4,3,0
216,4,1.66666666666667,0
216,4,1.66666666666667,0
216,4,1.33333333333333,0
216,4,1.66666666666667,0
216,4,2,0
216,4,1.66666666666667,0
216,4,1.66666666666667,1
216,4,1.66666666666667,1
216,4,1.66666666666667,0
216,4,1.66666666666667,0
216,4,1.33333333333333,0
216,4,2,0
216,4,1.33333333333333,0
217,1,1.66666666666667,0
217,1,1.66666666666667,1
217,1,1.66666666666667,0
217,1,1.33333333333333,1
217,1,1.33333333333333,0
217,4,1,0
217,4,1,0
217,4,1,1
217,4,1.33333333333333,0
217,4,2.33333333333333,1
217,4,1.33333333333333,0
217,4,1.33333333333333,0
218,1,1,0
218,1,3.33333333333333,1
218,1,1,0
218,1,1.66666666666667,0
218,1,1.66666666666667,0
218,1,1.33333333333333,0
218,1,1.66666666666667,1
218,1,2.33333333333333,0
218,1,1.33333333333333,0
218,4,2,1
218,4,1.66666666666667,0
218,4,2.33333333333333,0
218,4,2,0
218,4,3.33333333333333,1
219,1,1,0
219,1,1.66666666666667,1
219,1,1.33333333333333,0
219,1,1.66666666666667,1
219,4,1.66666666666667,0
219,4,3.66666666666667,1
219,4,3,1
219,4,2,0
219,4,1.33333333333333,0
220,1,1,0
220,1,2.33333333333333,0
220,1,1.66666666666667,0
220,1,2.33333333333333,0
220,1,1,0
220,1,1.66666666666667,1
220,1,2,1
220,1,2,0
220,1,1.33333333333333,0
220,4,2,0
220,4,2.66666666666667,1
220,4,2.33333333333333,1
220,4,1.66666666666667,0
220,4,1,0
220,4,2,0
220,4,1.66666666666667,0
221,1,1.66666666666667,0
221,1,1.33333333333333,1
221,1,2,0
221,1,1.66666666666667,0
221,1,2,1
221,4,2,0
221,4,1.66666666666667,0
221,4,1.33333333333333,0
221,4,2.66666666666667,1
221,4,1.66666666666667,1
221,4,1.66666666666667,0
221,4,1.33333333333333,0
221,4,1,0
221,4,1.66666666666667,0
222,1,1.66666666666667,1
222,1,1.33333333333333,0
222,1,1,1
222,4,1.33333333333333,1
222,4,1.33333333333333,1
223,1,2.33333333333333,0
223,1,1.33333333333333,0
223,1,1.33333333333333,0
223,1,2.33333333333333,1
223,1,1.33333333333333,0
223,1,2.66666666666667,1
223,1,1.66666666666667,0
223,1,1.66666666666667,0
223,1,1.66666666666667,0
223,1,1.66666666666667,0
223,1,1.33333333333333,0
223,1,2,0
223,1,2,0
223,1,2.33333333333333,0
223,1,2,0
223,4,1.66666666666667,0
223,4,1.66666666666667,0
223,4,1.33333333333333,0
223,4,1.33333333333333,1
223,4,1.33333333333333,0
223,4,1.66666666666667,0
223,4,1,0
223,4,2,1
223,4,1.66666666666667,0
223,4,2,0
223,4,2,0
224,1,1.33333333333333,0
224,1,1.33333333333333,0
224,1,3,1
224,1,1.33333333333333,0
224,1,1.66666666666667,1
224,1,2,0
224,4,1.66666666666667,1
224,4,1.66666666666667,0
224,4,2,0
224,4,2.33333333333333,0
224,4,2,1
225,1,1,0
225,1,1.33333333333333,1
225,1,1.66666666666667,0
225,1,1.66666666666667,1
225,1,1.66666666666667,0
225,1,1.66666666666667,0
225,1,2.33333333333333,0
225,1,2,0
225,4,1.66666666666667,0
225,4,1.66666666666667,0
225,4,1,0
225,4,2,0
225,4,2.66666666666667,1
225,4,1.33333333333333,1
225,4,1.66666666666667,0
225,4,2,0
225,4,1,0
225,4,1.33333333333333,0
225,4,1,0
226,1,1.33333333333333,0
226,1,1.33333333333333,0
226,1,2,1
226,1,2,0
226,1,1.33333333333333,1
226,4,2.33333333333333,1
226,4,2,1
226,4,2,0
227,1,2,1
227,1,1.66666666666667,0
227,1,2.33333333333333,1
227,4,3.33333333333333,1
227,4,NA,1
228,1,1,0
228,1,1.66666666666667,0
228,1,2,0
228,1,1.66666666666667,0
228,1,2.66666666666667,1
228,1,1.66666666666667,0
228,1,1.33333333333333,0
228,1,1.66666666666667,1
228,1,2.66666666666667,0
228,1,1.66666666666667,0
228,4,1.66666666666667,0
228,4,1.33333333333333,1
228,4,1.33333333333333,0
228,4,1.33333333333333,0
228,4,1.33333333333333,0
228,4,1,0
228,4,1.66666666666667,0
228,4,1.66666666666667,1
228,4,2.33333333333333,0
228,4,1.66666666666667,0
228,4,1.33333333333333,0
228,4,1,0
228,4,1.33333333333333,0
229,1,2,1
229,1,1.33333333333333,0
229,1,1.66666666666667,0
229,1,1.66666666666667,0
229,1,1.33333333333333,0
229,1,1.66666666666667,0
229,1,1.33333333333333,0
229,1,1.33333333333333,0
229,1,1.33333333333333,0
229,1,1.66666666666667,1
229,4,1.66666666666667,0
229,4,1.66666666666667,0
229,4,1.66666666666667,0
229,4,1.66666666666667,0
229,4,1.33333333333333,0
229,4,2,1
229,4,2,0
229,4,1.66666666666667,0
229,4,2.66666666666667,0
229,4,1.66666666666667,1
229,4,1.66666666666667,0
231,1,1.33333333333333,1
231,1,1.33333333333333,0
231,1,1.33333333333333,1
231,1,1.66666666666667,0
231,1,1,0
231,1,1.33333333333333,0
231,4,1.33333333333333,1
231,4,1.33333333333333,0
231,4,2.33333333333333,1
232,1,1,0
232,1,1.66666666666667,0
232,1,2,0
232,1,1,0
232,1,1.66666666666667,0
232,1,1.33333333333333,1
232,1,2.33333333333333,1
232,1,2,0
232,1,2,0
232,4,1.33333333333333,0
232,4,1.66666666666667,1
232,4,1,0
232,4,1,1
232,4,1.66666666666667,0
233,1,1,1
233,1,1.33333333333333,0
233,1,1.66666666666667,1
233,1,2.66666666666667,0
233,1,1.33333333333333,0
233,4,1.33333333333333,0
233,4,1.66666666666667,0
233,4,1.66666666666667,1
233,4,2,0
233,4,1.66666666666667,1
234,1,1.66666666666667,1
234,1,1.66666666666667,0
234,1,3,1
234,1,3.33333333333333,0
234,1,1,0
234,1,2.33333333333333,0
234,1,2,0
234,4,1.66666666666667,0
234,4,1.33333333333333,0
234,4,2.33333333333333,1
234,4,1,0
234,4,2.33333333333333,0
234,4,2.33333333333333,0
234,4,2.33333333333333,0
234,4,2,0
234,4,2,1
235,1,1,1
235,1,1.66666666666667,0
235,1,1.33333333333333,0
235,1,1,0
235,1,1.66666666666667,1
235,4,1.66666666666667,1
235,4,1.33333333333333,0
235,4,1.33333333333333,0
235,4,1.66666666666667,1
236,1,1.66666666666667,1
236,1,1,0
236,1,1.66666666666667,0
236,1,1.66666666666667,1
236,1,2.33333333333333,0
236,1,1.33333333333333,0
236,4,1.66666666666667,0
236,4,1.66666666666667,1
236,4,1.66666666666667,0
236,4,3,1
237,1,2.66666666666667,0
237,1,2,1
237,1,1.66666666666667,0
237,1,2.33333333333333,0
237,1,2,0
237,1,1.66666666666667,1
237,4,2,1
237,4,2,0
237,4,2.66666666666667,1
237,4,2.66666666666667,0
238,1,2,1
238,1,2.33333333333333,0
238,1,2,0
238,1,1.66666666666667,0
238,1,3,0
238,1,2.33333333333333,1
238,4,1.33333333333333,0
238,4,1.66666666666667,1
238,4,2,1
238,4,1.33333333333333,0
238,4,2.33333333333333,0
239,1,1,0
239,1,1,0
239,1,1,0
239,1,1,0
239,1,1,0
239,1,1,0
239,1,1,0
239,1,1.66666666666667,0
239,1,1,0
239,1,1.66666666666667,0
239,1,2.33333333333333,1
239,1,1,1
239,4,1,0
239,4,1,0
239,4,1.66666666666667,0
239,4,1,1
239,4,1.33333333333333,0
239,4,1,0
239,4,1,1
239,4,1.33333333333333,0
239,4,1,0
239,4,1.33333333333333,0
239,4,1.66666666666667,0
240,1,2,1
240,1,1.33333333333333,0
240,1,1,0
240,1,1,0
240,1,2,0
240,1,3.33333333333333,0
240,1,3,1
240,1,1.66666666666667,0
240,1,1.66666666666667,0
240,4,1.66666666666667,1
240,4,1.66666666666667,0
240,4,1,0
240,4,2,1
240,4,2.33333333333333,0
240,4,1.66666666666667,0
240,4,1.66666666666667,0
240,4,1.66666666666667,0
240,4,2.66666666666667,0
240,4,2.33333333333333,0
240,4,2,0
241,1,1.66666666666667,0
241,1,1.33333333333333,1
241,1,2,0
241,1,1.66666666666667,1
241,4,1.66666666666667,0
241,4,1.66666666666667,1
241,4,2.66666666666667,1
242,1,1,0
242,1,1,0
242,1,1,0
242,1,1.66666666666667,1
242,1,1.66666666666667,1
242,4,2.66666666666667,0
242,4,1,1
242,4,1.33333333333333,1
242,4,1,0
242,4,1.33333333333333,0
242,4,2,0
